{"metadata":{"clientVersion":1.0},"modules":{"DemoMode":{"state":false,"keybind":0},"FlagDetector":{"state":false,"keybind":0},"Speed":{"state":false,"keybind":0},"Fly":{"state":false,"keybind":33},"Sprint":{"state":false,"keybind":0},"Fullbright":{"state":true,"keybind":0},"Fastplace":{"state":false,"keybind":0},"Killaura":{"state":false,"keybind":37},"Criticals":{"state":false,"keybind":0},"NoFall":{"state":false,"keybind":0},"Velocity":{"state":true,"keybind":0},"ESP":{"state":false,"keybind":0},"ClickGUI":{"state":false,"keybind":54},"HUD":{"state":true,"keybind":0}},"values":{"DemoMode":{},"Speed":{},"ESP":{},"Fullbright":{},"Fastplace":{},"NoFall":{"Mode:":0},"Velocity":{},"Killaura":{},"Criticals":{},"FlagDetector":{},"Fly":{"Mode:":0},"ClickGUI":{},"HUD":{"FPSStatisticLength":250},"Sprint":{}}}