{"metadata":{"clientVersion":1.0},"modules":{"DemoMode":{"state":false,"keybind":0},"FlagDetector":{"state":false,"keybind":0},"Speed":{"state":false,"keybind":0},"Fly":{"state":false,"keybind":33},"Sprint":{"state":false,"keybind":0},"Fullbright":{"state":true,"keybind":0},"Fastplace":{"state":false,"keybind":0},"Killaura":{"state":false,"keybind":37},"Criticals":{"state":true,"keybind":0},"NoFall":{"state":true,"keybind":0},"Velocity":{"state":true,"keybind":0},"ESP":{"state":false,"keybind":0},"FastEat":{"state":false,"keybind":0},"ClickLongJump":{"state":false,"keybind":0},"Killaura Test":{"state":false,"keybind":0},"EdgeSneak":{"state":false,"keybind":0},"SpeedGraph":{"state":true,"keybind":0},"TabGuiModule":{"state":true,"keybind":0},"Antivoid":{"state":false,"keybind":0},"Fake Player":{"state":false,"keybind":48},"ClickGUI":{"state":false,"keybind":54},"HUD":{"state":true,"keybind":0}},"values":{"DemoMode":{},"TabGuiModule":{},"Speed":{},"ESP":{},"Fullbright":{},"Fastplace":{},"ClickLongJump":{},"SpeedGraph":{},"NoFall":{"Mode:":0},"Velocity":{"Mode:":0},"Killaura":{"Mode:":0},"EdgeSneak":{},"Criticals":{},"FlagDetector":{},"Fly":{"Mode:":0},"ClickGUI":{},"Killaura Test":{"Mode:":0},"Fake Player":{"Remove Player":false},"HUD":{"FPSStatisticLength":250},"FastEat":{},"Sprint":{},"Antivoid":{}}}